language,route,service_id,service_revision,page_id,page_revision,description_field,page_prose_field,classification,description_paragraphs,matching_paragraphs,page_prose_paragraphs,intro_source,media_equal,other_channels,block_order
de,/de/services/ar-link,service-msm-ar-link-de,e08bcd09-7ff4-4fb1-b24f-d52dd7d229d4,page-msm-service-ar-link-de,e08bcd09-7ff4-4fb1-b24f-d52dd7d229d4,"siteContent[channel==""msmWeb""].serviceDescription","content[_type==""contentSection""].content",exact,3,3,3,missing,True,,servicesHeroWithBadge > contentSection > intertitleCTA > casesGalleryFiltered > intertitleCTA
de,/de/services/augmented-and-virtual-reality,service-msm-augmented-and-virtual-reality-de,e08bcd09-7ff4-4fb1-b24f-d52dd7d229d4,page-msm-service-augmented-and-virtual-reality-de,e08bcd09-7ff4-4fb1-b24f-d52dd7d229d4,"siteContent[channel==""msmWeb""].serviceDescription","content[_type==""contentSection""].content",exact,6,6,6,missing,True,,servicesHeroWithBadge > contentSection > casesGalleryFiltered > intertitleCTA
de,/de/services/cashback-services,service-msm-cashback-services-de,e08bcd09-7ff4-4fb1-b24f-d52dd7d229d4,page-msm-service-cashback-services-de,e08bcd09-7ff4-4fb1-b24f-d52dd7d229d4,"siteContent[channel==""msmWeb""].serviceDescription","content[_type==""contentSection""].content",exact,4,4,4,missing,True,,servicesHeroWithBadge > contentSection > intertitleCTA > casesGalleryFiltered > intertitleCTA
de,/de/services/content-kreation,service-msm-content-kreation-de,e08bcd09-7ff4-4fb1-b24f-d52dd7d229d4,page-msm-service-content-kreation-de,e08bcd09-7ff4-4fb1-b24f-d52dd7d229d4,"siteContent[channel==""msmWeb""].serviceDescription","content[_type==""contentSection""].content",exact,3,3,3,missing,True,,servicesHeroWithBadge > contentSection > intertitleCTA > casesGalleryFiltered > intertitleCTA
de,/de/services/couplar,service-msm-couplar-de,e08bcd09-7ff4-4fb1-b24f-d52dd7d229d4,page-msm-service-couplar-de,e08bcd09-7ff4-4fb1-b24f-d52dd7d229d4,"siteContent[channel==""msmWeb""].serviceDescription","content[_type==""contentSection""].content",exact,3,3,3,missing,True,,servicesHeroWithBadge > contentSection > intertitleCTA > casesGalleryFiltered > intertitleCTA
de,/de/services/development,service-msm-development-de,e08bcd09-7ff4-4fb1-b24f-d52dd7d229d4,page-msm-service-development-de,e08bcd09-7ff4-4fb1-b24f-d52dd7d229d4,"siteContent[channel==""msmWeb""].serviceDescription","content[_type==""contentSection""].content",exact,4,4,4,missing,True,,servicesHeroWithBadge > contentSection > intertitleCTA > casesGalleryFiltered > intertitleCTA
de,/de/services/digital-signage,service-msm-digital-signage-de,e08bcd09-7ff4-4fb1-b24f-d52dd7d229d4,page-msm-service-digital-signage-de,e08bcd09-7ff4-4fb1-b24f-d52dd7d229d4,"siteContent[channel==""msmWeb""].serviceDescription","content[_type==""contentSection""].content",exact,4,4,4,missing,True,,servicesHeroWithBadge > contentSection > casesGalleryFiltered > intertitleCTA
de,/de/services/experiential-marketing,service-msm-experiential-marketing-de,e08bcd09-7ff4-4fb1-b24f-d52dd7d229d4,page-msm-service-experiential-marketing-de,e08bcd09-7ff4-4fb1-b24f-d52dd7d229d4,"siteContent[channel==""msmWeb""].serviceDescription","content[_type==""contentSection""].content",exact,4,4,4,missing,True,,servicesHeroWithBadge > contentSection > intertitleCTA > casesGalleryFiltered > intertitleCTA
de,/de/services/hashtaglove,service-msm-hashtaglove-de,e08bcd09-7ff4-4fb1-b24f-d52dd7d229d4,page-msm-service-hashtaglove-de,e08bcd09-7ff4-4fb1-b24f-d52dd7d229d4,"siteContent[channel==""msmWeb""].serviceDescription","content[_type==""contentSection""].content",subset,2,2,7,missing,True,,servicesHeroWithBadge > contentSection > intertitleCTA > contentSection > intertitleCTA
de,/de/services/influencer-marketing,service-msm-influencer-marketing-de,e08bcd09-7ff4-4fb1-b24f-d52dd7d229d4,page-msm-service-influencer-marketing-de,e08bcd09-7ff4-4fb1-b24f-d52dd7d229d4,"siteContent[channel==""msmWeb""].serviceDescription","content[_type==""contentSection""].content",exact,5,5,5,missing,True,,servicesHeroWithBadge > contentSection > intertitleCTA > casesGalleryFiltered > intertitleCTA
de,/de/services/pos-marketing,service-msm-pos-marketing-de,e08bcd09-7ff4-4fb1-b24f-d52dd7d229d4,page-msm-service-pos-marketing-de,e08bcd09-7ff4-4fb1-b24f-d52dd7d229d4,"siteContent[channel==""msmWeb""].serviceDescription","content[_type==""contentSection""].content",exact,4,4,4,missing,True,,servicesHeroWithBadge > contentSection > intertitleCTA > casesGalleryFiltered > intertitleCTA
de,/de/services/pr,service-msm-pr-de,e08bcd09-7ff4-4fb1-b24f-d52dd7d229d4,page-msm-service-pr-de,e08bcd09-7ff4-4fb1-b24f-d52dd7d229d4,"siteContent[channel==""msmWeb""].serviceDescription","content[_type==""contentSection""].content",exact,5,5,5,missing,True,,servicesHeroWithBadge > contentSection > casesGalleryFiltered > intertitleCTA
de,/de/services/review-plattform,service-msm-review-plattform-de,e08bcd09-7ff4-4fb1-b24f-d52dd7d229d4,page-msm-service-review-plattform-de,e08bcd09-7ff4-4fb1-b24f-d52dd7d229d4,"siteContent[channel==""msmWeb""].serviceDescription","content[_type==""contentSection""].content",exact,5,5,5,missing,True,,servicesHeroWithBadge > contentSection > intertitleCTA > casesGalleryFiltered > intertitleCTA
de,/de/services/social-media,service-msm-social-media-de,e08bcd09-7ff4-4fb1-b24f-d52dd7d229d4,page-msm-service-social-media-de,e08bcd09-7ff4-4fb1-b24f-d52dd7d229d4,"siteContent[channel==""msmWeb""].serviceDescription","content[_type==""contentSection""].content",exact,4,4,4,missing,True,,servicesHeroWithBadge > contentSection > intertitleCTA > casesGalleryFiltered > intertitleCTA
de,/de/services/strategy,service-msm-strategy-de,e08bcd09-7ff4-4fb1-b24f-d52dd7d229d4,page-msm-service-strategy-de,e08bcd09-7ff4-4fb1-b24f-d52dd7d229d4,"siteContent[channel==""msmWeb""].serviceDescription","content[_type==""contentSection""].content",exact,4,4,4,missing,True,,servicesHeroWithBadge > contentSection > casesGalleryFiltered > intertitleCTA
de,/de/services/training,service-msm-training-de,e08bcd09-7ff4-4fb1-b24f-d52dd7d229d4,page-msm-service-training-de,e08bcd09-7ff4-4fb1-b24f-d52dd7d229d4,"siteContent[channel==""msmWeb""].serviceDescription","content[_type==""contentSection""].content",exact,6,6,6,missing,True,,servicesHeroWithBadge > contentSection > intertitleCTA > contentSection > casesGalleryFiltered > intertitleCTA
en,/services/ar-link,service-msm-ar-link-en,e08bcd09-7ff4-4fb1-b24f-d52dd7d229d4,page-msm-service-ar-link-en,e08bcd09-7ff4-4fb1-b24f-d52dd7d229d4,"siteContent[channel==""msmWeb""].serviceDescription","content[_type==""contentSection""].content",exact,4,4,4,missing,True,,servicesHeroWithBadge > contentSection > intertitleCTA > casesGalleryFiltered
en,/services/augmented-and-virtual-reality,e0a5b3ac-34a8-4498-8db0-b81dddd0f7fa,e08bcd09-7ff4-4fb1-b24f-d52dd7d229d4,page-msm-service-augmented-and-virtual-reality-en,e08bcd09-7ff4-4fb1-b24f-d52dd7d229d4,"siteContent[channel==""msmWeb""].serviceDescription","content[_type==""contentSection""].content",exact,3,3,3,shared,True,1spWeb,servicesHeroWithBadge > contentSection > intertitleCTA > casesGalleryFiltered
en,/services/cashback-solutions,service-msm-cashback-solutions-en,e08bcd09-7ff4-4fb1-b24f-d52dd7d229d4,page-msm-service-cashback-solutions-en,e08bcd09-7ff4-4fb1-b24f-d52dd7d229d4,"siteContent[channel==""msmWeb""].serviceDescription","content[_type==""contentSection""].content",exact,5,5,5,missing,True,,servicesHeroWithBadge > contentSection > intertitleCTA > casesGalleryFiltered
en,/services/content-creation,eb1ade77-fd4b-4a0f-9d1c-08687f770c75,e08bcd09-7ff4-4fb1-b24f-d52dd7d229d4,page-msm-service-content-creation-en,e08bcd09-7ff4-4fb1-b24f-d52dd7d229d4,"siteContent[channel==""msmWeb""].serviceDescription","content[_type==""contentSection""].content",exact,2,2,2,shared,True,1spWeb,servicesHeroWithBadge > contentSection > intertitleCTA > casesGalleryFiltered
en,/services/couplar,service-msm-couplar-en,e08bcd09-7ff4-4fb1-b24f-d52dd7d229d4,page-msm-service-couplar-en,e08bcd09-7ff4-4fb1-b24f-d52dd7d229d4,"siteContent[channel==""msmWeb""].serviceDescription","content[_type==""contentSection""].content",exact,2,2,2,missing,True,,servicesHeroWithBadge > contentSection > intertitleCTA > casesGalleryFiltered
en,/services/development,service-msm-development-en,e08bcd09-7ff4-4fb1-b24f-d52dd7d229d4,page-msm-service-development-en,e08bcd09-7ff4-4fb1-b24f-d52dd7d229d4,"siteContent[channel==""msmWeb""].serviceDescription","content[_type==""contentSection""].content",exact,3,3,3,missing,True,,servicesHeroWithBadge > contentSection > intertitleCTA > casesGalleryFiltered
en,/services/digital-signage,service-msm-digital-signage-en,e08bcd09-7ff4-4fb1-b24f-d52dd7d229d4,page-msm-service-digital-signage-en,e08bcd09-7ff4-4fb1-b24f-d52dd7d229d4,"siteContent[channel==""msmWeb""].serviceDescription","content[_type==""contentSection""].content",exact,4,4,4,missing,True,,servicesHeroWithBadge > contentSection > intertitleCTA > casesGalleryFiltered
en,/services/experiential-marketing,d118cc4d-59f7-44a2-9ebd-64fffd1f773f,e08bcd09-7ff4-4fb1-b24f-d52dd7d229d4,page-msm-service-experiential-marketing-en,e08bcd09-7ff4-4fb1-b24f-d52dd7d229d4,"siteContent[channel==""msmWeb""].serviceDescription","content[_type==""contentSection""].content",exact,3,3,3,shared,True,"1spWeb,renaissanceWeb",servicesHeroWithBadge > contentSection > intertitleCTA > casesGalleryFiltered
en,/services/hashtaglove,service-msm-hashtaglove-en,e08bcd09-7ff4-4fb1-b24f-d52dd7d229d4,page-msm-service-hashtaglove-en,e08bcd09-7ff4-4fb1-b24f-d52dd7d229d4,"siteContent[channel==""msmWeb""].serviceDescription","content[_type==""contentSection""].content",subset,2,2,7,missing,True,,servicesHeroWithBadge > contentSection > intertitleCTA > contentSection > intertitleCTA > intertitleCTA > intertitleCTA
en,/services/influencer-marketing,f172b651-99a4-4471-94c6-1ac402a109eb,e08bcd09-7ff4-4fb1-b24f-d52dd7d229d4,page-msm-service-influencer-marketing-en,e08bcd09-7ff4-4fb1-b24f-d52dd7d229d4,"siteContent[channel==""msmWeb""].serviceDescription","content[_type==""contentSection""].content",exact,4,4,4,shared,True,"1spWeb,renaissanceWeb",servicesHeroWithBadge > contentSection > intertitleCTA > casesGalleryFiltered
en,/services/mixed-reality-in-manufacturing,service-msm-mixed-reality-in-manufacturing-en,e08bcd09-7ff4-4fb1-b24f-d52dd7d229d4,page-msm-service-mixed-reality-in-manufacturing-en,e08bcd09-7ff4-4fb1-b24f-d52dd7d229d4,"siteContent[channel==""msmWeb""].serviceDescription","content[_type==""contentSection""].content",subset,2,2,3,missing,True,,servicesHeroWithBadge > contentSection > resultsMetrics > contentSection > intertitleCTA > intertitleCTA > contentSection > casesGalleryFiltered
en,/services/pos-marketing,ccb58dec-5ce3-4d6d-bdc5-549e42be254b,cGE63aJqei6oB7VsSPuJaJ,page-msm-service-pos-marketing-en,Pe5ljD9VI0K2uiDNDVqLAc,"siteContent[channel==""msmWeb""].serviceDescription","content[_type==""contentSection""].content",drift,4,3,4,shared,True,,servicesHeroWithBadge > contentSection > intertitleCTA > casesGalleryFiltered
en,/services/pr,service-msm-pr-en,e08bcd09-7ff4-4fb1-b24f-d52dd7d229d4,page-msm-service-pr-en,e08bcd09-7ff4-4fb1-b24f-d52dd7d229d4,"siteContent[channel==""msmWeb""].serviceDescription","content[_type==""contentSection""].content",exact,5,5,5,missing,True,,servicesHeroWithBadge > contentSection > intertitleCTA > casesGalleryFiltered
en,/services/review-platform,390b907a-714e-4c06-a733-845c155580ca,e08bcd09-7ff4-4fb1-b24f-d52dd7d229d4,page-msm-service-review-platform-en,e08bcd09-7ff4-4fb1-b24f-d52dd7d229d4,"siteContent[channel==""msmWeb""].serviceDescription","content[_type==""contentSection""].content",exact,5,5,5,shared,True,1spWeb,servicesHeroWithBadge > contentSection > intertitleCTA > casesGalleryFiltered
en,/services/social-media,c14eb875-b2d1-4e6e-9a92-60cdc249e30b,e08bcd09-7ff4-4fb1-b24f-d52dd7d229d4,page-msm-service-social-media-en,e08bcd09-7ff4-4fb1-b24f-d52dd7d229d4,"siteContent[channel==""msmWeb""].serviceDescription","content[_type==""contentSection""].content",exact,3,3,3,shared,True,1spWeb,servicesHeroWithBadge > contentSection > intertitleCTA > casesGalleryFiltered
en,/services/strategy,service-msm-strategy-en,e08bcd09-7ff4-4fb1-b24f-d52dd7d229d4,page-msm-service-strategy-en,e08bcd09-7ff4-4fb1-b24f-d52dd7d229d4,"siteContent[channel==""msmWeb""].serviceDescription","content[_type==""contentSection""].content",exact,4,4,4,missing,True,,servicesHeroWithBadge > contentSection > intertitleCTA > casesGalleryFiltered
en,/services/training,service-msm-training-en,e08bcd09-7ff4-4fb1-b24f-d52dd7d229d4,page-msm-service-training-en,e08bcd09-7ff4-4fb1-b24f-d52dd7d229d4,"siteContent[channel==""msmWeb""].serviceDescription","content[_type==""contentSection""].content",exact,6,6,6,missing,True,,servicesHeroWithBadge > contentSection > intertitleCTA > casesGalleryFiltered
