File,Display name,SHA256,Width,Height,Action,Client ID,Cloudinary public ID,Review exception
10_Chambers.jpg,10 Chambers,c59385e4d8ef17c6dcc387e6badfd145044024bc92408fd8821cd9f8f973feb5,200,200,new,client-renaissance-10-chambers-en,renaissance/clients/v4/10-chambers-c59385e4d8ef,
3d_Clouds.jpg,3DClouds,c2a766cfc90d77ad67a3944da98d9f7650389ed8a44b2b43db9a926c66b887ed,194,200,new,client-renaissance-3dclouds-en,renaissance/clients/v4/3dclouds-c2a766cfc90d,
4Divinity.jpg,4Divinity,05212940169f3a0ad936e5e17c61fb1e13ee93010eb368642821c3ac6dfb4093,140,172,new,client-renaissance-4divinity-en,renaissance/clients/v4/4divinity-05212940169f,
505_Games.jpg,505 Games,bdb8a96d2c269483fc1a861f49277970967a320af03e30bb7b822b8f2e10a6bb,180,180,new,client-renaissance-505-games-en,renaissance/clients/v4/505-games-bdb8a96d2c26,
Activision_Blizzard.jpg,Activision Blizzard,381776425a7bfd89af57b1e7d4526f2aef8e567d1862da3284284042269f417c,200,113,new,client-renaissance-activision-blizzard-en,renaissance/clients/v4/activision-blizzard-381776425a7b,
Aether_Sky.jpg,Aether Sky,7a0677084aaed74880b44f63f0ed97a9f3ff2caf4a4293ae9744c93f1f5e58ec,185,200,new,client-renaissance-aether-sky-en,renaissance/clients/v4/aether-sky-7a0677084aae,
Amazon_Kids.jpg,Amazon Kids,01519532b30ef91ad3976e28a917a5528563979b2f6b3d8f454e71af0016a9fc,200,48,held,,,Confirm sub-brand identity versus the existing Amazon client.
Anshar_Publishing.jpg,Anshar Publishing,7488202269ca7d459e36997a8b515c9ffe09593b3bef245f08f9eb95b4c69857,200,200,new,client-renaissance-anshar-publishing-en,renaissance/clients/v4/anshar-publishing-7488202269ca,
Antstream.jpg,Antstream,58d7739fe888042fecf4c5504c62aacd55d686b7170dc2b4831a9bc2d923b9d5,200,41,new,client-renaissance-antstream-en,renaissance/clients/v4/antstream-58d7739fe888,
Atari.jpg,Atari,56c7c6d48b79c58356c9003770282c72c378524e2e75067f4335a8e46bd2e7f8,200,113,new,client-renaissance-atari-en,renaissance/clients/v4/atari-56c7c6d48b79,
Aviary_Films.jpg,Aviary Films,f9035b3fbc0a1b673085d7ba738bf2511d6cfb844eaaf1ce0132054fa27f9c41,200,112,new,client-renaissance-aviary-films-en,renaissance/clients/v4/aviary-films-f9035b3fbc0a,
Awe_Interactive.jpg,Awe Interactive,36929ba7c4a4039dc6077c91228f29528d0166d6523ef69e2f554250dc28f9d1,200,200,new,client-renaissance-awe-interactive-en,renaissance/clients/v4/awe-interactive-36929ba7c4a4,
Billy_Goat_Entertainment.jpg,Billy Goat Entertainment,f8707a23f73ff5c416a7f0fac18c46cf8467c0d0254c58e433edb3c036ea7e86,200,200,new,client-renaissance-billy-goat-entertainment-en,renaissance/clients/v4/billy-goat-entertainment-f8707a23f73f,
Blindflug_Studios.jpg,Blindflug Studios,e880312120b9c0052005c25c7a6fcb5627370fe9a80638a6c3cf068f7baa445c,200,61,new,client-renaissance-blindflug-studios-en,renaissance/clients/v4/blindflug-studios-e880312120b9,
Bluepoch.jpg,Bluepoch,f26f7c3bfbe8e357424d39c443b9c8ff8640a9a3a1d19e6f5829026c26926a56,200,91,new,client-renaissance-bluepoch-en,renaissance/clients/v4/bluepoch-f26f7c3bfbe8,
Bohemia_Interactive.jpg,Bohemia Interactive,7f84a5e798969052512ccc1c9ddfaa059943be7986eafdcf0d5abdf412553ba0,200,133,new,client-renaissance-bohemia-interactive-en,renaissance/clients/v4/bohemia-interactive-7f84a5e79896,
Bonsai_Collective.jpg,Bonsai Collective,5fa3af1e50fec63690e29639a6cce8ac2aa28bba71356c8739ee75a81eb43692,200,133,new,client-renaissance-bonsai-collective-en,renaissance/clients/v4/bonsai-collective-5fa3af1e50fe,
Bulkhead.jpg,Bulkhead,834edf6da180fa4bc3e1cf7c6928b97cefb734d66c9194f0199a0b5a2b4b855d,200,200,new,client-renaissance-bulkhead-en,renaissance/clients/v4/bulkhead-834edf6da180,
ChillyRoom.jpg,ChillyRoom,4dc8adc06f9f2fc76ae3bd6030b717f515560909db780f86cfc8449ea834c57b,200,200,new,client-renaissance-chillyroom-en,renaissance/clients/v4/chillyroom-4dc8adc06f9f,
Cognition_Europe.jpg,Cognition Europe,fcd7997a499a06275e4704a95f01f679b431a82747a23917ecd49a445290bf49,200,75,new,client-renaissance-cognition-europe-en,renaissance/clients/v4/cognition-europe-fcd7997a499a,
Curve_Games.jpg,Curve Games,54d6a6d314e39329b5d35a8b489cc60a62012b4b9e0bb3cd61a21f6ec08d581a,200,200,new,client-renaissance-curve-games-en,renaissance/clients/v4/curve-games-54d6a6d314e3,
Curveball_Games.jpg,Curveball Games,876ce858c172fadcca183b013f98894dd7917481b0fbb3f841f0c12ec48c7ac7,200,53,new,client-renaissance-curveball-games-en,renaissance/clients/v4/curveball-games-876ce858c172,
Cyborn.jpg,Cyborn,dba0027d58a4f8aa61df18e324f09352ca45484ae615720ef76ed43801f366c3,200,200,new,client-renaissance-cyborn-en,renaissance/clients/v4/cyborn-dba0027d58a4,
Daedalic_Entertainment.jpg,Daedalic Entertainment,3454d15dd179290dc5d4252ac5582d7ea972f7ba518b767d37ab06f7764e02fd,200,200,new,client-renaissance-daedalic-entertainment-en,renaissance/clients/v4/daedalic-entertainment-3454d15dd179,
Digital_Tales.jpg,Digital Tales,f9a65e00f421ce0a4147e4b5c3855708c53da3a28d63ad2d3c1ce15eebf7e73e,200,200,new,client-renaissance-digital-tales-en,renaissance/clients/v4/digital-tales-f9a65e00f421,
Edgecase.jpg,Edgecase,5861ad68adec353657f658266e370f902b7639982d4c70876266a400b8079d3b,200,200,new,client-renaissance-edgecase-en,renaissance/clients/v4/edgecase-5861ad68adec,
Eldelic_Games.jpg,Eldelic Games,73458e7206eb9a3d9048a9cec8f6e6ec3ead3def2ebccca6edeec85f72421f72,200,200,new,client-renaissance-eldelic-games-en,renaissance/clients/v4/eldelic-games-73458e7206eb,
Ember_Lab.jpg,Ember Lab,c209bf1eaa4cfeaf6e4dd5f29d461b71865754847aa2198be7bd3f12328faa5a,200,41,new,client-renaissance-ember-lab-en,renaissance/clients/v4/ember-lab-c209bf1eaa4c,
Event_Horizon.jpg,Event Horizon,4947ce794d244f2bf66f7756a8731ca39c35c0a343acc7088533cbd3eb8349b7,200,104,new,client-renaissance-event-horizon-en,renaissance/clients/v4/event-horizon-4947ce794d24,
Exquisite_Gaming.jpg,Exquisite Gaming,3779e64fecc9186bcbe19304ebb875bbd62a41aa8fe8582b32bf9155dcee0d53,200,200,new,client-renaissance-exquisite-gaming-en,renaissance/clients/v4/exquisite-gaming-3779e64fecc9,
Fairyship_Games.jpg,Fairyship Games,9bc97f510af9499d4931b4413ed5aa5876d8238a3067bbda3e7843c525289947,200,135,new,client-renaissance-fairyship-games-en,renaissance/clients/v4/fairyship-games-9bc97f510af9,
Funcom.jpg,Funcom,f621b0e23e550c9a8ea4429b9c7d42590f7b2eaf091ffd5af5772b7a3dec314d,200,200,new,client-renaissance-funcom-en,renaissance/clients/v4/funcom-f621b0e23e55,
Futurlab.jpg,FuturLab,509bd3e3ae65977ab213b5219b305a610449ef99f3fe6480553f49238447907e,200,200,new,client-renaissance-futurlab-en,renaissance/clients/v4/futurlab-509bd3e3ae65,
GPTRACK50.jpg,GPTRACK50,16944b07613b004ddec906b70cbbcb2d6d20a032cdf9c7c0db2a7de635f14d8c,200,100,new,client-renaissance-gptrack50-en,renaissance/clients/v4/gptrack50-16944b07613b,
GRYPHLINE.jpg,GRYPHLINE,95fbbba0ae60f6f2801b7eeb8d0e0dfbe65c16d8a141d1f721960dec968955b0,200,50,new,client-renaissance-gryphline-en,renaissance/clients/v4/gryphline-95fbbba0ae60,
GSC_Game_World.jpg,GSC Game World,0129b2eee393909aaeaf946243e0ed95854709e93cbba1edd717551e5b3aac7b,200,119,reuse,bf0e4443-5cd6-40c0-9422-f0a15a4195c5,renaissance/clients/v4/gsc-game-world-0129b2eee393,
GSE.jpg,GSE,7fe63fa712e3a83190add934cfea1cc96ba52c2fdc021b6b3994d1df9895195c,200,192,new,client-renaissance-gse-en,renaissance/clients/v4/gse-7fe63fa712e3,
GameMill.jpg,GameMill,d510cf7cf0735c3aa765fa89ed3f93d52bf75ce61781e834182e74a79cb6e5cf,200,56,new,client-renaissance-gamemill-en,renaissance/clients/v4/gamemill-d510cf7cf073,
Genigods_Lab.jpg,Genigods Lab,fb3c9ec4606a3e4736227c695447adb7b59f7abfc8f66d40e21b5f256ca316d6,200,111,new,client-renaissance-genigods-lab-en,renaissance/clients/v4/genigods-lab-fb3c9ec4606a,
Goose_Byte.jpg,Goose Byte,af63ae1d5b52f0ed4abbdd9d79cf51409f20b7bab1a64261c1c495efc90bd90a,171,200,new,client-renaissance-goose-byte-en,renaissance/clients/v4/goose-byte-af63ae1d5b52,
Grasshopper_Manufacture.jpg,Grasshopper Manufacture,6754eb6f888591498a4d4ae9063e3a1ff08932d805e76f616177131695ed6981,180,200,new,client-renaissance-grasshopper-manufacture-en,renaissance/clients/v4/grasshopper-manufacture-6754eb6f8885,
Green_Man_Gaming.jpg,Green Man Gaming,f3d680b3300b2d6398c6f661d1a60399305103d29a8146ddddc07db8195e5b42,200,200,new,client-renaissance-green-man-gaming-en,renaissance/clients/v4/green-man-gaming-f3d680b3300b,
Grinding_Gear_Games.jpg,Grinding Gear Games,dbc8a9df47f01cc9779db583828accb12c99a572702e6152bd02b3f569179984,200,113,new,client-renaissance-grinding-gear-games-en,renaissance/clients/v4/grinding-gear-games-dbc8a9df47f0,
Grip_Studios.jpg,Grip Studios,84ff2cb211ed5f6c26234b2a83505a59a0e9f8c8230ea61ae3525850c694583f,200,142,new,client-renaissance-grip-studios-en,renaissance/clients/v4/grip-studios-84ff2cb211ed,
Happy_Volcano.jpg,Happy Volcano,882570abcdb348bd728ade6f63b55c67642a71a491e48f7fdda34ce9e693f725,200,200,new,client-renaissance-happy-volcano-en,renaissance/clients/v4/happy-volcano-882570abcdb3,
Hook.jpg,HOOK,376104f77421f8bade3a1fd18b2ec429a8b617a128086c7dc22bafe90f409107,200,200,new,client-renaissance-hook-en,renaissance/clients/v4/hook-376104f77421,
Hyper_Luminal_Games.jpg,Hyper Luminal Games,4a684f8dbffb0ece10ca47c2fed2540546bfe6e4c14e16290ce0b8aa4dd69793,200,60,new,client-renaissance-hyper-luminal-games-en,renaissance/clients/v4/hyper-luminal-games-4a684f8dbffb,
IIDEA.jpg,IIDEA,5764a0f356f544af749fafc6efd192fcd6813857ac596ea62c10cda0fa8351cd,200,70,new,client-renaissance-iidea-en,renaissance/clients/v4/iidea-5764a0f356f5,
Infold_Games.jpg,Infold Games,a5587483672e6c50fb432c92a331ce2c8f8f97ff1cd486fff82676546644d07c,200,113,new,client-renaissance-infold-games-en,renaissance/clients/v4/infold-games-a5587483672e,
Italian_Games_Factory.jpg,Italian Games Factory,06966261d30f50cd0987b950f282802096de6a32a2bf72a23ebcd9eb29c7a137,200,148,new,client-renaissance-italian-games-factory-en,renaissance/clients/v4/italian-games-factory-06966261d30f,
Jackbox_Games.jpg,Jackbox Games,3ae466c9a04f1f2db0e40009d8d512680bd3933513265cbc95cd1b98a6a416c3,200,200,new,client-renaissance-jackbox-games-en,renaissance/clients/v4/jackbox-games-3ae466c9a04f,
Jagex.jpg,Jagex,d5251023f2fdbf1150b6b5fbe790115d419412f99b075db7eca17d84fd298814,200,200,new,client-renaissance-jagex-en,renaissance/clients/v4/jagex-d5251023f2fd,
Joystick_Ventures.jpg,Joystick Ventures,08918a3b22fcf864a3c18c8692ea873e4573c2e34af0963ab9ec96a7591064f1,200,200,new,client-renaissance-joystick-ventures-en,renaissance/clients/v4/joystick-ventures-08918a3b22fc,
Kepler_Interactive.jpg,Kepler Interactive,9bce0e846fbc6dbb405e35ae9bbbc211b1e20bc649c4c64eee2eb686a1f5d59e,200,200,new,client-renaissance-kepler-interactive-en,renaissance/clients/v4/kepler-interactive-9bce0e846fbc,
Kinda_Brave.jpg,Kinda Brave,0d0aa3bdfdf78ccd3eb7bfd3e3e6ca4f4c53a4d357d93c9af256410def06f421,200,200,new,client-renaissance-kinda-brave-en,renaissance/clients/v4/kinda-brave-0d0aa3bdfdf7,
Koei_Tecmo.jpg,Koei Tecmo,c3736b20043e1e30bbffc7c2b4870209c8f1f4a6e3d356d3ffeefab8d4b621f4,200,200,new,client-renaissance-koei-tecmo-en,renaissance/clients/v4/koei-tecmo-c3736b20043e,
Kuro_Games.jpg,Kuro Games,12108ab40a9fbddaac073bbfa82b0c3bee5fb74b49993ca7da3cfc8ea790b82e,200,67,new,client-renaissance-kuro-games-en,renaissance/clients/v4/kuro-games-12108ab40a9f,
Kwalee.jpg,Kwalee,33bf263757b99c50516e28db5e4d75fc6d125d3b4e98acd977df7d4dde30f452,200,52,new,client-renaissance-kwalee-en,renaissance/clients/v4/kwalee-33bf263757b9,
LKA.jpg,LKA,f97cddf513dc539b485e376a0482db558a42379549e0af6c7e6837e4a614b41a,200,200,new,client-renaissance-lka-en,renaissance/clients/v4/lka-f97cddf513dc,
Leonardo_Interactive.jpg,Leonardo Interactive,462d0085dbf4c91211580c4034ec8487583264b5b8294e815b61a2f96c45f03e,200,200,new,client-renaissance-leonardo-interactive-en,renaissance/clients/v4/leonardo-interactive-462d0085dbf4,
Level_Infinite.jpg,Level Infinite,8e65efe6f39c08540f049612b3428ccbc3851601d7660c25bfb48d5f8e69a959,200,111,new,client-renaissance-level-infinite-en,renaissance/clients/v4/level-infinite-8e65efe6f39c,
Lilith_Games.jpg,Lilith Games,eedc8958511c8e05c43570fd3b039fd24dd72f2c8cd6e707f6091429ef03be59,200,82,new,client-renaissance-lilith-games-en,renaissance/clients/v4/lilith-games-eedc8958511c,
Limit_Break.jpg,Limit Break,9eaf1e59d9b7b3f71bf4683b3a83791788b7d250e336ec7d6322529ab240d611,200,75,held,,,Artwork names Limit Break Mentorship; verify intended identity.
Lost_In_Cult.jpg,Lost In Cult,6f035cd51f0a3aa9bbb470f3d068106a058400d2a6aababad1b624754922edec,200,150,new,client-renaissance-lost-in-cult-en,renaissance/clients/v4/lost-in-cult-6f035cd51f0a,
Maze_Theory.jpg,Maze Theory,2d500292ee95667d4544ecf690ef8eb408f4a87da47d23acb33116293dcba5a1,182,117,new,client-renaissance-maze-theory-en,renaissance/clients/v4/maze-theory-2d500292ee95,
Milestone.jpg,Milestone,823c9c5e20d622fefbab0b42e53b45ccfc6edb1a50550520d8cc4a801cd83cb2,200,200,new,client-renaissance-milestone-en,renaissance/clients/v4/milestone-823c9c5e20d6,
Mintrocket.jpg,Mintrocket,6631e4dac23f551ec2f379a2fe28efbf6d0c59f457226692c5fe1aa075e0ad28,200,108,new,client-renaissance-mintrocket-en,renaissance/clients/v4/mintrocket-6631e4dac23f,
Mixed_Bag.jpg,Mixed Bag,1e0d289db38e242a91e2bb3618c333d5919050375a7eaa1052a11da83824301f,200,200,new,client-renaissance-mixed-bag-en,renaissance/clients/v4/mixed-bag-1e0d289db38e,
Mob_Entertainment.jpg,Mob Entertainment,5c1b2136d6d068b2fed1e2bc60d56e2ae48b89017f138b77c739dde98db074be,200,102,new,client-renaissance-mob-entertainment-en,renaissance/clients/v4/mob-entertainment-5c1b2136d6d0,
My_Games.jpg,MY.GAMES,a76be1d44dce072bcb1299b1a90758cd2bd8161d162d18bf58c59b3f7f02587a,200,166,new,client-renaissance-my-games-en,renaissance/clients/v4/my-games-a76be1d44dce,
Mythwright.jpg,Mythwright,c440136f4675660f08e432d837cbfe446b3a222f56939c8cc82017dcc339db12,200,56,new,client-renaissance-mythwright-en,renaissance/clients/v4/mythwright-c440136f4675,
Nacon.jpg,Nacon,964a23a2b2dcdcb4eb4975ab27d332d6413d11c187954d456d789679cd2d16ea,200,200,new,client-renaissance-nacon-en,renaissance/clients/v4/nacon-964a23a2b2dc,
Netease.jpg,NetEase,aa81a4786b5951d06c3ca3294edd5e54a8fd6e2d9886ff19cd271d51f1c6011d,200,200,new,client-renaissance-netease-en,renaissance/clients/v4/netease-aa81a4786b59,
Nighthawk_Interactive.jpg,Nighthawk Interactive,e311189b1f7b96e3374b14dbde451e98de6f5ab95cfd743fa3720d1321203930,200,200,new,client-renaissance-nighthawk-interactive-en,renaissance/clients/v4/nighthawk-interactive-e311189b1f7b,
PM_Studios.jpg,PM Studios,f6a7a5d42848a8f0c38a4694a69e774cd4f634592fc019a394955110bc4d7476,200,68,new,client-renaissance-pm-studios-en,renaissance/clients/v4/pm-studios-f6a7a5d42848,
Parco_Games.jpg,Parco Games,216eb4c8994719376865f0d7a2d4c3514cc7a90e1a596bcae6edcc82d2004685,200,127,new,client-renaissance-parco-games-en,renaissance/clients/v4/parco-games-216eb4c89947,
Passion_Games.jpg,Passion Games,b2d3b6b4be016173ddcf15b1aec2e4b85675e23581a92b55ac531e1dce98ca93,200,200,new,client-renaissance-passion-games-en,renaissance/clients/v4/passion-games-b2d3b6b4be01,
Pathea.jpg,Pathea,09bfef05a84b880626ac33a33a2eb878451313f665e141e812d3514e37514d0f,200,58,new,client-renaissance-pathea-en,renaissance/clients/v4/pathea-09bfef05a84b,
Payload_Studios.jpg,Payload Studios,12afb0c90492863387b7a291e5e32af7f43f5fa315b2c905ee6f0bb6ff4d28cb,159,200,new,client-renaissance-payload-studios-en,renaissance/clients/v4/payload-studios-12afb0c90492,
Perfect_World.jpg,Perfect World,68fb90af1ffbeb4bb4c7aed96921ebf454ba6df7624cd033bab34f2e6d266d48,200,33,new,client-renaissance-perfect-world-en,renaissance/clients/v4/perfect-world-68fb90af1ffb,
Perp_Games.jpg,Perp Games,e2db53c936b24cebb8bbd69e3c8dc9b510a406d0653e4fd11b1fdedc8e2c0393,200,200,new,client-renaissance-perp-games-en,renaissance/clients/v4/perp-games-e2db53c936b2,
Pingle_Studio.jpg,Pingle Studio,2dbeadfe2f15437479e245168e4d48d52f0d56a55ae25a5ceba214e471438f2b,200,80,new,client-renaissance-pingle-studio-en,renaissance/clients/v4/pingle-studio-2dbeadfe2f15,
Pixyul.jpg,Pixyul,35f85a8dd77d269ef90c19ef301198e87dac84bf66f578e01c777aac51355c93,200,200,new,client-renaissance-pixyul-en,renaissance/clients/v4/pixyul-35f85a8dd77d,
Plaion.jpg,Plaion,1b61f04097db09db4396bc877ba283e02cb7fb52b95e845332a288b5f553550a,200,42,new,client-renaissance-plaion-en,renaissance/clients/v4/plaion-1b61f04097db,
PlayFusion.jpg,PlayFusion,c34792a6337d663a558e2771a3dc6ebc8e99422bcf5397badb0ad5c01f7840df,180,81,new,client-renaissance-playfusion-en,renaissance/clients/v4/playfusion-c34792a6337d,
Playmagic.jpg,Playmagic,3d6ba9cdd4d25378957accafdb423f8a302b86f6069e6325a2e488e5e4435c73,200,200,new,client-renaissance-playmagic-en,renaissance/clients/v4/playmagic-3d6ba9cdd4d2,
Pqube.jpg,PQube,7038130bdbd44c659e0ac7bff82e6fd3eed964e3335467f7bddd69e79688f9aa,200,200,new,client-renaissance-pqube-en,renaissance/clients/v4/pqube-7038130bdbd4,
Private_Division.jpg,Private Division,c2bf8c75dbbef29a09c8ef46a835219c8dd9437e11d07c17ea473c5271c8dccc,200,200,new,client-renaissance-private-division-en,renaissance/clients/v4/private-division-c2bf8c75dbbe,
Qooland_Games.jpg,Qooland Games,1014437b5530152beeb03b10570a101f97d0e4feeb85b12e4e732a45ab69c945,200,52,new,client-renaissance-qooland-games-en,renaissance/clients/v4/qooland-games-1014437b5530,
R8_Games.jpg,R8 Games,808441e705f32cfaba3ffea190549bbdf08a6e56ca0a3522649b25a9aad0eac8,200,200,new,client-renaissance-r8-games-en,renaissance/clients/v4/r8-games-808441e705f3,
Raccoon_Logic.jpg,Raccoon Logic,fb2f9653bcb6e9f392e906da5650eb5e70c98eb2e38f35b11af43558cf613d0e,200,45,new,client-renaissance-raccoon-logic-en,renaissance/clients/v4/raccoon-logic-fb2f9653bcb6,
Radical_Forge.jpg,Radical Forge,4d6d5a25d1d7a312b2705c5c829ba0944830b96e06c14779a3e895b6a8f6e1af,200,100,new,client-renaissance-radical-forge-en,renaissance/clients/v4/radical-forge-4d6d5a25d1d7,
Raiser_Games.jpg,Raiser Games,1f318ee8893f89f204dba784061ebec805324fdb89ef79a3cca895d91675999b,200,200,new,client-renaissance-raiser-games-en,renaissance/clients/v4/raiser-games-1f318ee8893f,
Red_Kite.jpg,Red Kite,5d86a93c88e0f1b51bf034cc9b10aae39e6fc498196bb0a525a632f56ec7cd3e,200,200,new,client-renaissance-red-kite-en,renaissance/clients/v4/red-kite-5d86a93c88e0,
Revolution.jpg,Revolution,88b3d36ffbfd5641bbbf91d95a7c21e18191b7c08e8407b3b912252b79678c0f,200,58,new,client-renaissance-revolution-en,renaissance/clients/v4/revolution-88b3d36ffbfd,
Rising_Star_Games.jpg,Rising Star Games,2464b116f0e0afebb42e87d7dc21fe40f8a4e206ce1f8b357e3b6865fcf6587f,200,200,new,client-renaissance-rising-star-games-en,renaissance/clients/v4/rising-star-games-2464b116f0e0,
SNK.jpg,SNK,5649eea12f1058023a9d8d141249ad8fc23783af82c402753e75f85790ea6272,200,200,new,client-renaissance-snk-en,renaissance/clients/v4/snk-5649eea12f10,
Salix_Games.jpg,Salix Games,0693cc3eb4ccb642c4d58740ae7600774de2f2960c02f696573858d1d7ebc610,200,92,new,client-renaissance-salix-games-en,renaissance/clients/v4/salix-games-0693cc3eb4cc,
Science_and_Media_Museum.jpg,Science and Media Museum,850156e2853e38b275cf1e8b12f0fc2bd49cf19799303bb0b437882ac37cd90a,200,200,new,client-renaissance-science-and-media-museum-en,renaissance/clients/v4/science-and-media-museum-850156e2853e,
Secret_Mode.jpg,Secret Mode,b3b7deb35ff031c4f0bff64e789af6b3dd17a0b8b1b5ef15d8bac84caa80e784,200,143,new,client-renaissance-secret-mode-en,renaissance/clients/v4/secret-mode-b3b7deb35ff0,
Seed_Sparkle_Lab.jpg,Seed Sparkle Lab,b581dc631a9d0d2f42b2c9fac791c8a8de7891f4390c214ae3e17a70aaf8517f,200,200,new,client-renaissance-seed-sparkle-lab-en,renaissance/clients/v4/seed-sparkle-lab-b581dc631a9d,
Sharkmob.jpg,Sharkmob,e36efda88a38c49dcebf97422ac9eaa85a3d0560641e9e60fdffdfba273860b9,200,200,new,client-renaissance-sharkmob-en,renaissance/clients/v4/sharkmob-e36efda88a38,
Shoreline_Games.jpg,Shoreline Games,05115698d9328265483a6040f09f75a192ce632fdc91870540eda96090ef6177,200,93,new,client-renaissance-shoreline-games-en,renaissance/clients/v4/shoreline-games-05115698d932,
Skybound_Games.jpg,Skybound Games,d5f648ef5b3606d9420f39a02a60fb34c602202ea501534ff813465ebedc84a8,200,200,new,client-renaissance-skybound-games-en,renaissance/clients/v4/skybound-games-d5f648ef5b36,
Slitherine.jpg,Slitherine,755f409740da502d834c840931e7f6f35e1a046399b85ff0e516b1b192d60d4a,200,200,new,client-renaissance-slitherine-en,renaissance/clients/v4/slitherine-755f409740da,
Spiral_Up_Games.jpg,Spiral Up Games,739865b08ce6642874d60f8d498f668832531532aa231da8436579bf634c0495,200,71,new,client-renaissance-spiral-up-games-en,renaissance/clients/v4/spiral-up-games-739865b08ce6,
Square_Enix_Collective.jpg,Square Enix Collective,c56c92aeca191f2880d93a24f147cecaf07508521369842d8bb9f2cce0cbaab4,200,200,new,client-renaissance-square-enix-collective-en,renaissance/clients/v4/square-enix-collective-c56c92aeca19,
Starbreeze.jpg,Starbreeze,6f5df8cac3d5286122edae5a4cb4bd76c24c33f8aa1e37e189c7e21ca2cdd6bc,200,183,new,client-renaissance-starbreeze-en,renaissance/clients/v4/starbreeze-6f5df8cac3d5,
Stellar_Jockeys.jpg,Stellar Jockeys,a6b2854b1f619cb593cebed076e0b16b3f1513cd72407b092ffcdcce4ca53915,200,200,new,client-renaissance-stellar-jockeys-en,renaissance/clients/v4/stellar-jockeys-a6b2854b1f61,
Storm_in_a_Teacup.jpg,Storm in a Teacup,a94ff4978dc22380855db51d51d43a1a68b77fa27f6525941746c2f8ae40eabc,200,200,new,client-renaissance-storm-in-a-teacup-en,renaissance/clients/v4/storm-in-a-teacup-a94ff4978dc2,
Stormind_Games.jpg,Stormind Games,cc1aea5a57e7dbb1acf7e3846f7a396c6eb3a1fe65bc53dc8771f39260cb1cee,200,200,new,client-renaissance-stormind-games-en,renaissance/clients/v4/stormind-games-cc1aea5a57e7,
Tate_Multimedia.jpg,Tate Multimedia,1b937b59537050b4349337a30e65573aee26a6bf32708025720381045f4cf41a,200,200,new,client-renaissance-tate-multimedia-en,renaissance/clients/v4/tate-multimedia-1b937b595370,
Team17.jpg,Team17,bd379159b66c949453a203467dcd5a95df07884cbafaf97818a9db7d43a8d90a,200,53,new,client-renaissance-team17-en,renaissance/clients/v4/team17-bd379159b66c,
Tencent_Games.jpg,Tencent Games,5330ba2c08560582a9352fc2eaddf7f04eea2c1f36561cd259eb98110e38cc04,200,200,held,,,Confirm games-brand identity versus the existing Tencent client.
ThatGameCompany.jpg,ThatGameCompany,2a01f4c17a71d944f0d26deeca709e9700c520b26b1d02784959150a0c0a68fe,200,200,new,client-renaissance-thatgamecompany-en,renaissance/clients/v4/thatgamecompany-2a01f4c17a71,
The_Game_Business.jpg,The Game Business,241c0902a3ab2ec2c8e5e1660a46f743ed7e1ded18789eced2031a935b40033f,200,65,new,client-renaissance-the-game-business-en,renaissance/clients/v4/the-game-business-241c0902a3ab,
Thumb_Food.jpg,Thumb Food,6358cf4ffad174d0944ef5a032cf493a74c5461748cc14e379def4e6149d2ba4,200,200,new,client-renaissance-thumb-food-en,renaissance/clients/v4/thumb-food-6358cf4ffad1,
Timi_Studios.jpg,Timi Studios,9fa45590f43a7d12789c686ac8f130f1d71f0699aec0cd1e37ff6934137d0715,144,200,new,client-renaissance-timi-studios-en,renaissance/clients/v4/timi-studios-9fa45590f43a,
Tiny_Dragon_Games.jpg,Tiny Dragon Games,eb2561f9fab3ae61484b1113f5cc5552e14eb7dc8c564fbb88e811a128e36efb,200,32,new,client-renaissance-tiny-dragon-games-en,renaissance/clients/v4/tiny-dragon-games-eb2561f9fab3,
Trailmark_Games.jpg,Trailmark Games,7962c0d5c00666167c683fe6d5877f31ced50e5564dc43b8a4cecb41c3f9a802,200,40,new,client-renaissance-trailmark-games-en,renaissance/clients/v4/trailmark-games-7962c0d5c006,
Typhoon.jpg,Typhoon,37aaf7e64a9d435999efacce821255258bf82f04c9000da57500355d9efd64bc,200,200,new,client-renaissance-typhoon-en,renaissance/clients/v4/typhoon-37aaf7e64a9d,
U_I_Entertainment.jpg,U I Entertainment,e4622bd5da3394f95747332c16789475555b923e7b9df9655e63efc5477ea989,200,180,new,client-renaissance-u-i-entertainment-en,renaissance/clients/v4/u-i-entertainment-e4622bd5da33,
Uncapped_Games.jpg,Uncapped Games,e0fa382792956a3f7453c9a645534e75ea440c194c40b560fca03868e83c623d,200,94,new,client-renaissance-uncapped-games-en,renaissance/clients/v4/uncapped-games-e0fa38279295,
Untold_Games.jpg,Untold Games,345766e3e51853fbeaacebca7fb21d6161556ada8d8388c5603168505771f192,200,200,new,client-renaissance-untold-games-en,renaissance/clients/v4/untold-games-345766e3e518,
VAULTN.jpg,VAULTN,da1c82dc41636e7df82fe59d0bc866cd9e879911afbb7a057d64e3fdef551ca5,200,50,new,client-renaissance-vaultn-en,renaissance/clients/v4/vaultn-da1c82dc4163,
Wild_River.jpg,Wild River,10e7a9ad8f7ed5f285901d0dba3ccf4d9ef8e413ae3d621818a5b78980830ee2,200,200,new,client-renaissance-wild-river-en,renaissance/clients/v4/wild-river-10e7a9ad8f7e,
Wired.jpg,Wired,0c8ed3d32e6f05227c905c15a2bfafd656a98953c4a8bccea885ea5bc842c3a4,200,200,held,,,Supplied artwork is a photograph/graphic; verify intended logo.
Yummy_Games.jpg,Yummy Games,5d3970b6394339852fa35b95325069248cdc833f04e48154aa480459d9825714,200,133,new,client-renaissance-yummy-games-en,renaissance/clients/v4/yummy-games-5d3970b63943,
gamescom.jpg,gamescom,0458c252d6f20c27e1d899e7bf7fee521052d32dff8318c861b13093e0a16a91,200,50,new,client-renaissance-gamescom-en,renaissance/clients/v4/gamescom-0458c252d6f2,
